doc_id,topic,subtopic,question_variation,context,answer_hint
K0001,course_identity,code_name,What is the course code and name?,The syllabus identifies the course as SWE015 Introduction to LLM. It is an undergraduate elective course taught face to face in English during the spring semester.,"The course is SWE015 Introduction to LLM, an undergraduate elective taught face to face in English during the spring semester."
K0002,course_identity,coordinator,Who is the course coordinator?,The course coordinator listed in the syllabus is Dr. Öğr. Üyesi Alper Öner.,The course coordinator is Dr. Öğr. Üyesi Alper Öner.
K0003,course_objective,objective,What is the objective of the course?,"The objective of the course is to provide learners with the knowledge and skills required to build, train, and improve large language models. It emphasizes understanding language structure, performing language-based tasks, and using language models in real-world applications.","The course aims to teach students how to build, train, and improve large language models and use them in real-world applications."
K0004,course_assessment,grading,How is the course graded?,"According to the syllabus, the course grade is based on one assignment, one project, and one final exam. Their contributions are 10 percent, 30 percent, and 60 percent respectively.","The grade is based on one assignment, one project, and one final exam, weighted 10%, 30%, and 60% respectively."
K0005,course_assessment,components,What are the assessment components?,"The syllabus lists three assessment components: an assignment, a project, and a final exam. These components together make up the full course evaluation.","The assessment consists of an assignment, a project, and a final exam."
K0006,course_outcomes,outcomes,What will students learn in this course?,"The learning outcomes include defining fundamental LLM problems, developing optimized large language models, applying software tools to solve LLM problems, using transformer-based methods for image and language tasks, and carrying out a transformer project collaboratively.","Students learn to define LLM problems, build and optimize models, apply transformer-based methods, and complete a transformer project."
K0007,course_content,overview,What topics does the course cover?,"The course content includes TensorFlow, artificial neural networks, convolutional neural networks, introductory NLP, transformers with BERT and NER, large language models, LLM fine-tuning, MLLMs, and image and language processing applications.","The course covers TensorFlow, neural networks, CNNs, NLP, transformers, BERT, NER, LLMs, fine-tuning, MLLMs, and related applications."
K0008,weekly_schedule,ann_tensorflow,What is covered in week 1?,Week 1 focuses on artificial neural networks and TensorFlow. Students are introduced to neural computation and the practical framework used to build and train models.,Week 1 covers artificial neural networks and TensorFlow.
K0009,weekly_schedule,cnn,What is covered in week 2?,"Week 2 covers convolutional neural networks. The focus is on architectures suited for image-like data and the core ideas of convolution, pooling, and feature extraction.",Week 2 covers convolutional neural networks.
K0010,weekly_schedule,dl_image,What is covered in week 3?,Week 3 is devoted to deep learning for image processing. It extends the CNN discussion toward real image tasks and practical image-based pipelines.,Week 3 covers deep learning for image processing.
K0011,weekly_schedule,intro_nlp,What is covered in week 4?,Week 4 introduces natural language processing. It covers basic concepts needed to represent and process text data.,Week 4 covers introductory NLP.
K0012,weekly_schedule,dl_nlp,What is covered in week 5?,Week 5 moves from introductory NLP to deep learning for NLP. The emphasis is on neural approaches for text understanding and sequence modeling.,Week 5 covers deep learning for NLP.
K0013,weekly_schedule,transformers_bert_ner,What is covered in week 6?,"Week 6 covers transformers, BERT, and named entity recognition. It links transformer architectures to a concrete information extraction task.","Week 6 covers transformers, BERT, and named entity recognition."
K0014,weekly_schedule,multilingual_ner,What is covered in week 7?,Week 7 focuses on multilingual named entity recognition with transformers. It addresses cross-lingual and multilingual modeling challenges.,Week 7 covers multilingual NER with transformers.
K0015,weekly_schedule,efficient_transformers,What is covered in week 9?,"Week 9 covers making transformers efficient in production. The topic includes practical concerns such as latency, memory use, and deployment efficiency.",Week 9 covers making transformers efficient in production.
K0016,weekly_schedule,vector_databases,What is covered in week 10?,Week 10 covers vector databases. The focus is on storing and searching embeddings efficiently for semantic retrieval tasks.,Week 10 covers vector databases.
K0017,weekly_schedule,rag,What is covered in week 11?,Week 11 covers retrieval-augmented generation. It connects retrieval systems and generative models for knowledge-grounded answers.,Week 11 covers retrieval-augmented generation.
K0018,weekly_schedule,llms,What is covered in week 12?,"Week 12 covers large language models. The emphasis is on their capabilities, limitations, and practical use.",Week 12 covers large language models.
K0019,ann,definition,What is an artificial neural network?,An artificial neural network is a computational model inspired by interconnected neurons. It consists of layers of units that transform inputs through weighted connections and nonlinear activation functions.,An artificial neural network is a layered model that learns patterns through weighted connections and nonlinear activations.
K0020,ann,components,What are the basic parts of a neural network?,"The basic parts of a neural network are an input layer, one or more hidden layers, an output layer, trainable weights, biases, and activation functions. During learning these parameters are updated to reduce error.","A neural network contains input, hidden, and output layers along with weights, biases, and activation functions."
K0021,ann,training,How are neural networks trained?,"Neural networks are trained by defining a loss function, computing gradients with backpropagation, and updating parameters with an optimization algorithm such as gradient descent or Adam. Training proceeds iteratively over batches of examples.",Neural networks are trained with backpropagation and gradient-based optimization.
K0022,ann,activation_functions,Why are activation functions important?,"Activation functions introduce nonlinearity into a neural network. Without them, stacked layers would collapse into a linear mapping and the model could not learn complex patterns.",Activation functions are important because they let neural networks learn nonlinear patterns.
K0023,ann,overfitting,What causes overfitting in neural networks?,"Overfitting happens when a model learns noise or training-specific patterns instead of general structure. It is often related to excessive model capacity, limited data, or insufficient regularization.",Overfitting occurs when a neural network memorizes training data instead of generalizing.
K0024,ann,tensorflow_relation,How does TensorFlow relate to neural networks?,"TensorFlow is a framework used to build, train, and deploy neural networks. It provides tensor operations, automatic differentiation, optimizers, and utilities for machine learning workflows.",TensorFlow is a framework for implementing and training neural networks.
K0025,tensorflow,definition,What is TensorFlow?,TensorFlow is an open-source machine learning framework centered on tensor computation and automatic differentiation. It is widely used to build deep learning models for research and production.,TensorFlow is an open-source framework for building and training machine learning models.
K0026,tensorflow,tensors,What is a tensor in TensorFlow?,"A tensor is a multidimensional array used to represent data and parameters. Scalars, vectors, matrices, and higher-dimensional structures are all special cases of tensors.",A tensor is a multidimensional array used as the core data structure in TensorFlow.
K0027,tensorflow,autodiff,Why is automatic differentiation useful in TensorFlow?,Automatic differentiation computes gradients of loss functions with respect to model parameters. This is essential for backpropagation and efficient model training.,Automatic differentiation is useful because it automatically computes gradients needed for learning.
K0028,tensorflow,keras,How does Keras fit into TensorFlow?,"Keras is the high-level API integrated into TensorFlow for defining layers, models, training loops, and evaluation pipelines more conveniently.",Keras is TensorFlow’s high-level API for building and training models.
K0029,tensorflow,deployment,Can TensorFlow be used in production?,"Yes. TensorFlow supports model serving, optimization, and deployment across different environments including servers, mobile devices, and edge settings.","Yes, TensorFlow can be used for production deployment."
K0030,tensorflow,course_relation,Why is TensorFlow included in this course?,TensorFlow gives students a practical framework for implementing neural and transformer-based models covered later in the course.,TensorFlow is included as a practical framework for implementing the models discussed in the course.
K0031,cnn,definition,What is a convolutional neural network?,A convolutional neural network is a neural architecture specialized for grid-like data such as images. It uses convolutional filters to detect local patterns and hierarchical features.,A CNN is a neural network designed to learn spatial patterns in images and similar data.
K0032,cnn,convolution,What does convolution do in a CNN?,"Convolution applies learnable filters across local regions of the input to detect features such as edges, textures, and shapes. The same filter is reused spatially, which improves parameter efficiency.",Convolution applies learnable filters to local regions to extract features.
K0033,cnn,pooling,What is pooling in a CNN?,Pooling reduces the spatial dimensions of feature maps while preserving important information. It helps improve efficiency and adds some invariance to small translations.,Pooling reduces feature map size while retaining important information.
K0034,cnn,feature_hierarchy,Why are CNNs effective for images?,"CNNs are effective because they exploit local connectivity, shared weights, and hierarchical feature learning. Early layers detect simple patterns and deeper layers detect more complex structures.",CNNs work well for images because they learn hierarchical spatial features efficiently.
K0035,cnn,transfer_learning,Can CNNs use transfer learning?,Yes. A CNN pretrained on a large image dataset can be adapted to a new task by fine-tuning part or all of the network.,"Yes, CNNs often benefit from transfer learning."
K0036,cnn,cnn_vs_ann,How is a CNN different from a fully connected neural network?,"A CNN uses local receptive fields and shared filters, while a fully connected network connects every neuron in one layer to every neuron in the next. This makes CNNs more suitable for spatial data.",A CNN is different because it uses local filters and shared weights instead of only dense connections.
K0037,image_processing,definition,What does deep learning for image processing mean?,"It means applying deep models such as CNNs or vision-transformer-like architectures to tasks involving images, including classification, recognition, segmentation, and detection.",Deep learning for image processing means using deep models to analyze and understand images.
K0038,image_processing,augmentation,Why is data augmentation useful in image tasks?,"Data augmentation creates modified training samples through transformations such as flips, crops, and rotations. It helps models generalize better by exposing them to more variation.",Data augmentation helps image models generalize by creating varied training examples.
K0039,image_processing,classification,What is image classification?,"Image classification assigns one label or category to an entire image, such as dog, cat, or airplane. It is one of the most basic image processing tasks in deep learning.",Image classification is the task of assigning a category label to an image.
K0040,image_processing,feature_maps,What are feature maps?,Feature maps are the outputs produced by convolutional filters at different layers of a CNN. They represent learned responses to image patterns.,Feature maps are the intermediate representations produced by convolutional layers.
K0041,image_processing,explainability,How can image models be explained?,Techniques such as saliency maps and Grad-CAM highlight image regions that most influence a model’s prediction. These methods help interpret model decisions.,Image models can be explained with techniques like Grad-CAM that highlight influential regions.
K0042,image_processing,course_relation,Why does an LLM course include image processing?,The course connects language and image modeling to show how transformer-based methods can support both modalities and multimodal systems.,"Image processing is included to connect deep learning ideas across modalities, including multimodal systems."
K0043,nlp,definition,What is natural language processing?,"Natural language processing is the field that studies how computers represent, analyze, and generate human language. It includes tasks such as classification, tagging, translation, retrieval, and generation.",NLP is the field of making computers understand and generate human language.
K0044,nlp,text_representation,How is text represented in NLP?,"Text can be represented at different levels such as characters, words, subwords, tokens, embeddings, or contextual vectors depending on the model and task.","Text in NLP can be represented as tokens, embeddings, or contextual vectors."
K0045,nlp,traditional_tasks,What are common NLP tasks?,"Common NLP tasks include sentiment analysis, text classification, named entity recognition, machine translation, summarization, question answering, and dialogue systems.","Common NLP tasks include classification, NER, translation, summarization, QA, and dialogue."
K0046,nlp,preprocessing,Why is preprocessing important in NLP?,"Preprocessing normalizes raw text, handles noise, and prepares input representations. Depending on the approach it may include tokenization, normalization, and vocabulary construction.",Preprocessing is important because it prepares raw text for modeling.
K0047,nlp,deep_nlp,What changed when deep learning entered NLP?,"Deep learning shifted NLP from manual feature engineering toward learned representations. Models could capture context, semantics, and long-range dependencies more effectively.",Deep learning changed NLP by replacing many handcrafted features with learned representations.
K0048,nlp,course_relation,Why is introductory NLP placed before transformers?,"Students first need the basic concepts of text representation, sequence modeling, and language tasks before studying transformer architectures.",Introductory NLP comes first to establish the concepts needed for later transformer topics.
K0049,tokenization,definition,What is tokenization in LLMs?,Tokenization is the process of converting raw text into smaller units that a language model can process. In modern LLMs these units are often subwords rather than full words.,Tokenization is the process of splitting text into model-processable units called tokens.
K0050,tokenization,why_it_matters,Why is tokenization important for LLMs?,"Tokenization determines how text is segmented, which affects vocabulary size, sequence length, context usage, and even cost in API-based systems. Poor tokenization can harm efficiency and representation quality.","Tokenization matters because it affects sequence length, vocabulary design, and model efficiency."
K0051,tokenization,subword,Why do LLMs use subword tokenization?,Subword tokenization balances vocabulary size and coverage. It can represent rare words by decomposing them into reusable pieces while keeping the vocabulary manageable.,LLMs often use subword tokenization to balance vocabulary size with coverage of rare words.
K0052,tokenization,tokens_vs_words,Is one word always one token?,"No. A single word may map to one token, multiple tokens, or share tokens with surrounding text depending on the tokenizer. Tokens are model-specific units, not guaranteed word boundaries.","No, one word is not always one token."
K0053,tokenization,llm_cost,Why do token counts matter in LLM systems?,"Token counts matter because computation, memory use, context windows, and many API pricing models are based on tokens rather than raw word counts.","Token counts matter because context usage, compute, and often cost are measured in tokens."
K0054,tokenization,tokenizer_examples,What are common tokenization approaches?,"Common approaches include word tokenization, character tokenization, byte-level tokenization, and subword methods such as BPE and WordPiece. Modern LLMs usually rely on subword or byte-level methods.","Common tokenization approaches include word, character, byte-level, and subword methods."
K0055,tokenization,wordpiece,What is WordPiece?,WordPiece is a subword tokenization method that builds a vocabulary of useful units and represents words as sequences of those units. It is associated with models like BERT.,WordPiece is a subword tokenization method used in models like BERT.
K0056,tokenization,bpe,What is byte pair encoding in tokenization?,Byte pair encoding merges frequently co-occurring symbol pairs to form subword units. It is a popular approach for building efficient token vocabularies.,BPE is a tokenization method that builds subword units by merging frequent symbol pairs.
K0057,dl_nlp,sequence_models,What does deep learning for NLP involve?,"Deep learning for NLP uses neural architectures such as RNNs, CNNs, transformers, and pretrained language models for text understanding and generation.",Deep learning for NLP applies neural architectures to language tasks.
K0058,dl_nlp,embeddings,What are word embeddings?,Word embeddings are dense vector representations that place semantically related words closer together in vector space. They provide more informative features than one-hot encodings.,Word embeddings are dense vectors that encode semantic relationships between words.
K0059,dl_nlp,contextual_embeddings,What is the difference between static and contextual embeddings?,"Static embeddings assign one vector per word type, while contextual embeddings depend on surrounding text. Contextual embeddings can capture different meanings of a word in different sentences.","Contextual embeddings vary with context, unlike static embeddings which stay fixed per word."
K0060,dl_nlp,sequence_learning,Why are sequence models important in NLP?,"Language is sequential and context dependent, so models must capture dependencies across tokens. Sequence models learn how earlier and later tokens influence interpretation.",Sequence models are important because language meaning depends on token order and context.
K0061,dl_nlp,transition_to_transformers,Why did NLP move beyond recurrent models?,Recurrent models struggle with long-range dependencies and sequential computation. Transformers improved scalability and context modeling through self-attention and parallelization.,NLP moved beyond recurrent models because transformers handle long dependencies and parallel training better.
K0062,dl_nlp,course_relation,Why is deep learning for NLP taught before BERT?,Students need to understand neural text modeling and embeddings before they study transformer-based pretrained language models like BERT.,Deep learning for NLP is taught first to prepare students for transformer-based language models.
K0063,transformers,definition,What is a transformer?,A transformer is a neural architecture that models relationships between tokens using self-attention rather than recurrence. It became the dominant architecture for modern language modeling.,A transformer is an attention-based sequence model that captures relationships between tokens.
K0064,transformers,self_attention,What is self-attention?,Self-attention computes how strongly each token should attend to other tokens in the same sequence. This lets the model build context-aware representations.,Self-attention lets each token weigh the importance of other tokens in the sequence.
K0065,transformers,multi_head,What is multi-head attention?,Multi-head attention uses multiple attention mechanisms in parallel so the model can capture different types of relationships at once. Each head may focus on different patterns.,Multi-head attention lets the model learn multiple kinds of token relationships in parallel.
K0066,transformers,positional_encoding,Why do transformers need positional information?,Attention alone does not encode token order. Positional information tells the model where tokens appear in the sequence so it can use ordering in interpretation.,Transformers need positional information because attention alone does not represent token order.
K0067,transformers,transformers_vs_rnns,How are transformers different from RNNs?,"Transformers use attention and parallel processing, while RNNs process sequences step by step. This makes transformers more scalable and often better at long-range dependencies.",Transformers differ from RNNs by using attention and parallel computation instead of sequential recurrence.
K0068,transformers,encoder_decoder,What is the encoder-decoder idea in transformers?,"In encoder-decoder transformers, the encoder builds representations of the input and the decoder generates outputs conditioned on those representations and previous generated tokens.",The encoder processes the input while the decoder generates the output.
K0069,transformers,why_transformers,Why are transformers so important?,"Transformers combine strong context modeling, efficient parallel training, and transfer learning via pretraining. These strengths made them central to modern NLP and LLMs.",Transformers are important because they model context well and scale effectively.
K0070,transformers,limitations,What are common transformer limitations?,"Transformers can be computationally expensive, especially for long sequences, because attention cost grows with sequence length. They may also require large datasets and careful optimization.",Transformers are powerful but can be expensive in memory and computation for long inputs.
K0071,bert,definition,What is BERT?,BERT stands for Bidirectional Encoder Representations from Transformers. It is a pretrained transformer encoder designed to learn contextual representations by reading text in both directions.,BERT is a bidirectional pretrained transformer encoder for language understanding.
K0072,bert,bidirectional,What does bidirectional mean in BERT?,Bidirectional means BERT builds token representations using both left and right context simultaneously. This improves language understanding compared with strictly one-directional encoders.,Bidirectional means BERT uses both left and right context when representing tokens.
K0073,bert,pretraining,How is BERT pretrained?,"BERT is pretrained with objectives such as masked language modeling, where some tokens are hidden and the model predicts them. This teaches contextual understanding from large corpora.",BERT is pretrained mainly through masked language modeling.
K0074,bert,use_cases,What is BERT good at?,"BERT is strong at understanding tasks such as text classification, sentence pair modeling, and named entity recognition. It is not mainly designed for free-form generation.",BERT is mainly used for language understanding tasks like classification and NER.
K0075,bert,bert_vs_gpt,How is BERT different from GPT?,"BERT is encoder-based and bidirectional, while GPT is decoder-based and optimized for autoregressive generation. BERT focuses more on understanding; GPT focuses more on generation.",BERT differs from GPT by being encoder-based and bidirectional rather than decoder-based and generative.
K0076,bert,fine_tuning,What does it mean to fine-tune BERT?,Fine-tuning BERT means taking the pretrained model and adapting it to a downstream task using labeled data. A task-specific head is often added on top of the encoder.,Fine-tuning BERT means adapting a pretrained BERT model to a specific downstream task.
K0077,ner,definition,What is named entity recognition?,"Named entity recognition is the task of identifying and labeling mentions of entities such as people, organizations, locations, and dates in text.","NER is the task of finding and labeling entities like people, organizations, and locations."
K0078,ner,bert_for_ner,How is BERT used for NER?,"BERT provides contextual token representations, and a classification layer predicts an entity label for each token. This makes it effective for token-level labeling tasks.",BERT is used for NER by predicting an entity label for each token from contextual representations.
K0079,ner,why_context,Why is context important in NER?,The same word can represent different entity types or no entity at all depending on context. Contextual models help disambiguate these cases.,Context matters in NER because entity meaning depends on surrounding words.
K0080,ner,labels,What kinds of labels are used in NER?,"NER often uses BIO-style labels such as B-PER, I-PER, and O to indicate entity boundaries and types. This supports token-level sequence labeling.",NER often uses BIO-style labels to represent entity boundaries and types.
K0081,ner,applications,Where is NER used?,"NER is used in information extraction, search, document analysis, customer support, biomedical text processing, and many enterprise NLP systems.",NER is widely used for information extraction and text analytics.
K0082,ner,course_relation,Why is NER included in this course?,NER gives students a concrete transformer-based task that links pretrained encoders to practical information extraction.,NER is included because it is a practical transformer-based language understanding task.
K0083,multilingual_ner,definition,What is multilingual named entity recognition?,Multilingual NER applies entity recognition across more than one language. It often relies on multilingual transformer encoders to share representations across languages.,Multilingual NER is named entity recognition performed across multiple languages.
K0084,multilingual_ner,challenge,Why is multilingual NER difficult?,"Languages differ in morphology, scripts, word order, and annotation resources. Models must generalize across these differences while still identifying entities accurately.","Multilingual NER is difficult because languages vary in structure, scripts, and available labeled data."
K0085,multilingual_ner,transformers,How do transformers help multilingual NER?,"Multilingual transformers learn shared subword and contextual representations across languages, which helps transfer knowledge from high-resource to lower-resource settings.",Transformers help multilingual NER by learning shared multilingual representations.
K0086,multilingual_ner,transfer,What is cross-lingual transfer in multilingual NLP?,"Cross-lingual transfer means using knowledge learned from one language to improve performance in another language, often with limited target-language supervision.",Cross-lingual transfer is using knowledge from one language to support another.
K0087,multilingual_ner,use_case,Why would multilingual NER matter in practice?,"Many applications need information extraction across global documents, multilingual customer messages, or international news. A multilingual model reduces the need for separate systems per language.",Multilingual NER matters because real-world text often spans many languages.
K0088,multilingual_ner,course_relation,Why is multilingual NER a separate week?,It extends the NER discussion from a single-language setting to a more realistic multilingual transformer setting.,It is a separate topic because multilingual NER adds cross-lingual modeling challenges beyond standard NER.
K0089,efficient_ai,definition,What does making transformers efficient in production mean?,"It means reducing the computational and memory cost of transformer models so they can serve real users with acceptable speed and resource use. Typical concerns include latency, throughput, memory footprint, and deployment constraints.",Making transformers efficient in production means reducing cost and latency while preserving useful performance.
K0090,efficient_ai,distillation,What is knowledge distillation?,Knowledge distillation trains a smaller student model to imitate a larger teacher model. The goal is to preserve much of the teacher’s performance while reducing size and inference cost.,Knowledge distillation transfers knowledge from a large teacher model to a smaller student model.
K0091,efficient_ai,quantization,What is quantization?,"Quantization reduces numerical precision, such as converting 32-bit weights to lower-precision representations. This can lower memory use and speed up inference.",Quantization lowers numerical precision to reduce model size and improve efficiency.
K0092,efficient_ai,pruning,What is pruning?,Pruning removes less important parameters or connections from a model. It aims to reduce model complexity while keeping most of the useful behavior.,Pruning removes less important parameters to reduce model complexity.
K0093,efficient_ai,latency,Why is latency important in production NLP?,Latency affects user experience and operational feasibility. Even accurate models may be impractical if they answer too slowly in real applications.,Latency is important because production systems need responses fast enough for real users.
K0094,efficient_ai,tradeoff,What is the accuracy-efficiency tradeoff?,"Improving efficiency often reduces model capacity or precision, which can harm accuracy. Production engineering balances this tradeoff to reach acceptable quality at practical cost.",The accuracy-efficiency tradeoff is the balance between model quality and deployment cost.
K0095,vector_database,definition,What is a vector database?,A vector database stores vector embeddings and supports efficient similarity search over them. It is useful when systems retrieve semantically similar documents rather than exact keyword matches.,A vector database stores embeddings and supports efficient similarity search.
K0096,vector_database,why_needed,Why are vector databases useful in LLM systems?,They let systems retrieve relevant chunks of knowledge by semantic similarity. This is especially useful for retrieval-augmented generation and semantic search.,Vector databases are useful because they enable semantic retrieval over embedded documents.
K0097,vector_database,embeddings_relation,How do embeddings relate to vector databases?,Embeddings map text into numerical vectors in a semantic space. Vector databases index these vectors so similar queries can retrieve similar stored content.,Embeddings are the vectors that a vector database stores and searches.
K0098,vector_database,similarity_search,What is similarity search?,Similarity search finds stored vectors that are closest to a query vector according to a metric such as cosine similarity. It supports meaning-based retrieval.,Similarity search retrieves vectors that are closest to a query vector in embedding space.
K0099,vector_database,metadata,Why is metadata important in vector databases?,"Metadata allows systems to filter or organize retrieved documents by source, date, topic, or permissions. This improves control and relevance in retrieval pipelines.",Metadata is important because it helps filter and organize retrieved embeddings.
K0100,vector_database,course_relation,Why does this course include vector databases?,"Vector databases are a practical infrastructure component for retrieval systems used with embeddings, semantic search, and RAG pipelines.",The course includes vector databases because they support embedding-based retrieval and RAG.
K0101,rag,definition,What is retrieval-augmented generation?,"Retrieval-augmented generation combines a retriever with a generative model. Instead of answering only from model memory, the system first retrieves relevant external information and then conditions generation on it.",RAG combines retrieval and generation so answers are grounded in retrieved information.
K0102,rag,workflow,How does a RAG pipeline work?,"A typical RAG pipeline embeds a user query, retrieves relevant documents or chunks, and then uses those retrieved texts as context for a language model to produce an answer.",A RAG pipeline retrieves relevant context first and then generates an answer from it.
K0103,rag,why_use,Why is RAG useful?,"RAG improves factual grounding, allows domain-specific knowledge to be injected without retraining the whole model, and can reflect updated information more easily than static model memory.",RAG is useful because it grounds answers in retrieved knowledge and supports domain-specific information.
K0104,rag,rag_vs_finetuning,How is RAG different from fine-tuning?,"RAG adds external knowledge at inference time, whereas fine-tuning changes model parameters through additional training. RAG is usually easier to update when the knowledge source changes.",RAG differs from fine-tuning because it injects external knowledge at inference time rather than changing model weights.
K0105,rag,limitations,What are limitations of RAG?,"RAG depends heavily on retrieval quality. If the wrong documents are retrieved or the retrieved context is noisy, the final answer may still be wrong.",A limitation of RAG is that poor retrieval leads to poor grounded answers.
K0106,rag,chunking,Why does chunking matter in RAG?,Documents are usually split into chunks before embedding and retrieval. Chunk size affects how much context each retrieved piece contains and how well retrieval matches user questions.,Chunking matters because it affects retrieval quality and the usefulness of retrieved context.
K0107,llms,definition,What is a large language model?,A large language model is a neural language model with a large number of parameters trained on large text corpora to understand and generate language. Most modern LLMs are transformer-based.,An LLM is a large transformer-based language model trained on extensive text data.
K0108,llms,capabilities,What can LLMs do?,"LLMs can answer questions, summarize documents, generate text, classify content, assist in dialogue, and support many language tasks through prompting or adaptation.","LLMs can perform many language tasks including QA, summarization, classification, and generation."
K0109,llms,pretraining,How are LLMs trained?,LLMs are pretrained on large corpora using self-supervised objectives such as next-token prediction. After pretraining they may be fine-tuned or aligned for specific behaviors.,LLMs are typically trained by large-scale self-supervised pretraining and later adapted or aligned.
K0110,llms,context_window,What is a context window in an LLM?,A context window is the number of tokens the model can process at once. It limits how much prior conversation or retrieved context can influence the current response.,The context window is the maximum number of tokens an LLM can consider at once.
K0111,llms,limitations,What are common limitations of LLMs?,"LLMs may hallucinate, inherit training biases, miss current facts, and require large computational resources. Their output quality also depends on prompting and context quality.","Common limitations of LLMs include hallucination, bias, outdated knowledge, and high resource demands."
K0112,llms,llm_vs_chatbot,Is every chatbot an LLM?,"No. A chatbot is an application interface, while an LLM is a model class. Some chatbots are powered by LLMs, but others rely on rules, retrieval, or smaller classifiers.","Not every chatbot is an LLM; a chatbot is an application, while an LLM is a model."
K0113,llms,why_large,Why are they called large language models?,"They are called large because they usually have many parameters, are trained on massive corpora, and require substantial compute resources.","They are called large because of their scale in parameters, data, and compute."
K0114,llms,course_relation,Why are LLMs a late topic in the course?,"The course builds foundational knowledge first, then introduces LLMs after students understand neural networks, NLP, transformers, retrieval, and efficiency issues.","LLMs come later in the course because they build on earlier topics such as transformers, retrieval, and model optimization."
K0115,fine_tuning,definition,What is fine-tuning in LLMs?,Fine-tuning adapts a pretrained model to a narrower task or domain by continuing training on task-specific data. This allows the model to specialize while retaining pretrained knowledge.,Fine-tuning is the process of adapting a pretrained model to a specific task or domain.
K0116,fine_tuning,when_use,When is fine-tuning useful?,"Fine-tuning is useful when a model must adapt to a domain, label space, format, or style that is not well captured by prompting alone. It is especially helpful when enough task-specific data is available.",Fine-tuning is useful when a pretrained model needs task- or domain-specific specialization.
K0117,fine_tuning,full_vs_parameter_efficient,What is parameter-efficient fine-tuning?,Parameter-efficient fine-tuning updates only a small subset of parameters or adds small trainable components such as adapters or LoRA layers. This reduces cost compared with updating the full model.,Parameter-efficient fine-tuning adapts a model using a small number of trainable parameters.
K0118,fine_tuning,lora,What is LoRA in fine-tuning?,"LoRA, or low-rank adaptation, injects trainable low-rank matrices into a model while keeping most original weights frozen. It is a popular efficient fine-tuning method.",LoRA is a parameter-efficient fine-tuning method that updates low-rank matrices instead of the full model.
K0119,fine_tuning,fine_tuning_vs_prompting,How is fine-tuning different from prompting?,"Prompting changes the input instructions, while fine-tuning changes the model’s learned parameters. Fine-tuning usually provides deeper adaptation than prompting but costs more.","Fine-tuning changes model parameters, while prompting changes only the input formulation."
K0120,fine_tuning,course_relation,Why is LLM fine-tuning included in the course?,Fine-tuning is a key practical skill for adapting large language models to domain-specific tasks and applications.,It is included because adapting pretrained LLMs is central to real-world applications.
K0121,mllm,definition,What is an MLLM?,An MLLM is a multimodal large language model that can process or reason over multiple data modalities such as text and images. It extends language modeling with cross-modal input or output.,An MLLM is a multimodal large language model that works with text and other modalities such as images.
K0122,mllm,why_multimodal,Why are multimodal models important?,Many real-world tasks involve both language and visual information. Multimodal models aim to combine these sources for richer reasoning and interaction.,Multimodal models are important because many practical tasks involve more than just text.
K0123,mllm,text_image,How do text and image information interact in multimodal models?,"A multimodal model builds representations from both modalities and learns to align or fuse them. This allows it to answer questions about images, generate captions, or reason across text-image pairs.",Multimodal models align and combine text and image representations.
K0124,mllm,relation_to_course,Why are MLLMs included in an LLM course?,They show how transformer ideas extend beyond text-only settings and connect language models with image processing topics from earlier weeks.,MLLMs are included to connect language modeling with multimodal and image-based applications.
K0125,mllm,difference_from_llm,How is an MLLM different from a text-only LLM?,"A text-only LLM processes language alone, whereas an MLLM can consume or reason over additional modalities such as images.",An MLLM differs from a text-only LLM by handling multiple modalities rather than just text.
K0126,comparison,bert_gpt,What is the difference between BERT and GPT?,"BERT is an encoder-based bidirectional model optimized for understanding tasks, while GPT is a decoder-based autoregressive model optimized for generation. Their training objectives and typical applications differ accordingly.","BERT mainly focuses on understanding, while GPT mainly focuses on generation."
K0127,comparison,embedding_tokenization,What is the difference between tokenization and embeddings?,"Tokenization splits text into units the model can process, while embeddings map those units into vectors. Tokenization defines the units; embeddings represent them numerically.","Tokenization creates tokens, while embeddings convert tokens into vectors."
K0128,comparison,rag_finetuning,What is the difference between RAG and fine-tuning?,"RAG retrieves external information at inference time, while fine-tuning changes model weights through additional training. RAG is easier to update dynamically, whereas fine-tuning bakes adaptation into the model.","RAG adds external knowledge at inference time, whereas fine-tuning adapts the model parameters."
K0129,comparison,transformer_rnn,What is the difference between transformers and recurrent models?,"Transformers rely on self-attention and parallel computation, while recurrent models process sequences step by step. Transformers generally scale better and handle long-range dependencies more effectively.","Transformers use attention and parallelism, while recurrent models process sequences sequentially."
K0130,comparison,ner_classification,How is NER different from text classification?,"Text classification assigns labels to whole sequences, while NER assigns labels to individual tokens or spans. NER is a sequence labeling problem rather than a whole-text prediction problem.","NER labels tokens or spans, whereas text classification labels an entire sequence."
K0131,prompting,definition,What is prompting in LLM systems?,"Prompting is the practice of structuring the input to guide a model toward a desired behavior or output format. It can include instructions, examples, constraints, and context.",Prompting means designing the input to guide an LLM’s behavior.
K0132,prompting,few_shot,What is few-shot prompting?,Few-shot prompting includes a small number of examples in the prompt so the model can imitate the desired pattern. It is a way to adapt behavior without changing model weights.,Few-shot prompting uses examples in the prompt to demonstrate the desired behavior.
K0133,prompting,grounding,Why is grounding important in prompts?,Grounding ties the model to specific retrieved evidence or source text. This reduces unsupported answers and helps improve factual consistency.,Grounding is important because it keeps answers tied to explicit evidence.
K0134,prompting,limitations,Can prompting replace retrieval and fine-tuning?,"Prompting is powerful, but it does not solve every problem. If the model lacks the needed knowledge or must follow strict domain constraints, retrieval or fine-tuning may still be necessary.","Prompting helps guide a model, but it does not fully replace retrieval or fine-tuning."
K0135,course_assessment,weights,How much does the final exam count?,"According to the syllabus, the final exam contributes 60 percent of the course grade. It is the largest assessment component.",The final exam counts for 60 percent of the grade.
K0136,course_assessment,weights,How much is the project worth in this course?,"The project contributes 30 percent to the final grade, making it the second largest graded component after the final exam.",The project is worth 30 percent.
K0137,course_assessment,weights,How much does the assignment count?,The assignment contributes 10 percent of the total course grade according to the syllabus.,The assignment counts for 10 percent of the grade.
K0138,course_identity,semester,Which semester is this course offered in?,The syllabus lists the semester as Spring. This indicates the course is offered during the spring term.,The course is offered in the spring semester.
K0139,course_identity,instruction_language,What is the language of instruction?,The syllabus states that the language of instruction is English.,The language of instruction is English.
K0140,course_identity,course_type,Is this course elective or compulsory?,The syllabus classifies the course as an elective undergraduate course.,The course is an undergraduate elective.
K0141,weekly_schedule,timing,When is RAG covered in the course?,The weekly schedule places Retrieval Augmented Generation in week 11.,RAG is covered in week 11.
K0142,weekly_schedule,timing,When are vector databases covered?,The weekly schedule places vector databases in week 10.,Vector databases are covered in week 10.
K0143,weekly_schedule,timing,When are LLMs covered?,The weekly schedule lists large language models in week 12.,LLMs are covered in week 12.
K0144,weekly_schedule,timing,When is BERT covered?,The schedule includes Transformers – BERT & NER in week 6.,BERT is covered in week 6.
K0145,transformers,course_relation,Does the course teach transformers?,"Yes. The course content explicitly includes transformers, and week 6 is dedicated to Transformers, BERT, and NER.","Yes, transformers are explicitly taught in the course."
K0146,transformers,attention_importance,Why is attention central to transformers?,"Attention lets the model dynamically relate each token to others in the sequence, which is the core mechanism enabling transformers to model context without recurrence.",Attention is central because it lets transformers model token relationships directly.
K0147,bert,course_relation,Does the course include BERT?,Yes. BERT appears both in the course content and in week 6 as part of the transformer module.,"Yes, BERT is explicitly included in the course."
K0148,bert,ner_relation,Why is BERT often used for NER?,"BERT produces contextual token representations, which are well suited to labeling each token with an entity tag in sequence labeling tasks.",BERT is often used for NER because it provides strong contextual token representations.
K0149,rag,course_relation,Does the course include RAG?,Yes. The weekly schedule lists Retrieval Augmented Generation in week 11.,"Yes, the course includes RAG."
K0150,rag,grounding,How does RAG reduce hallucination?,RAG can reduce hallucination by conditioning the answer on retrieved external evidence rather than relying only on parametric memory.,RAG reduces hallucination by grounding answers in retrieved evidence.
K0151,vector_database,course_relation,Does the course teach vector databases?,Yes. Vector databases are explicitly listed in week 10 of the weekly schedule.,"Yes, vector databases are included in the course."
K0152,vector_database,indexing,Why do vector databases need indexing?,"Embedding collections can be large, so indexing techniques help similarity search remain fast and scalable in production systems.",Vector databases use indexing to make similarity search efficient at scale.
K0153,llms,course_relation,Are LLMs explicitly taught in this course?,Yes. Large language models are both listed in the course content and assigned to week 12 in the weekly schedule.,"Yes, LLMs are explicitly taught in this course."
K0154,llms,llm_vs_nlp,How are LLMs related to NLP?,LLMs are a modern approach within NLP. They are large pretrained models that can solve many NLP tasks through prompting or adaptation.,LLMs are modern NLP models that solve many language tasks through pretraining and adaptation.
K0155,fine_tuning,course_relation,Does the course include LLM fine-tuning?,Yes. LLM FineTuning appears explicitly in the course content section of the syllabus.,"Yes, the course includes LLM fine-tuning."
K0156,fine_tuning,benefit,Why is fine-tuning useful for LLM applications?,"Fine-tuning helps adapt a pretrained model to domain-specific data, labels, styles, or task requirements that prompting alone may not capture well.",Fine-tuning is useful because it adapts pretrained LLMs to specific domains or tasks.
K0157,prompting,llm_relation,Is prompting enough for all LLM tasks?,"Not always. Prompting can guide a model, but retrieval or fine-tuning may still be needed when domain knowledge, strict control, or updated information are required.","Prompting is useful, but it does not replace retrieval or fine-tuning for every task."
K0158,tokenization,context_window,How is tokenization related to the context window?,The number of tokens in a prompt determines how much content fits into the model’s context window. Finer-grained tokenization can increase the number of tokens needed for the same text.,Tokenization affects how much text fits into an LLM’s context window.
K0159,tokenization,bpe_vs_wordpiece,What is the difference between BPE and WordPiece?,"Both are subword tokenization methods, but they use different heuristics for building vocabularies and segmenting text. Both aim to balance vocabulary size and coverage.","BPE and WordPiece are both subword methods, but they build vocabularies differently."
K0160,nlp,intro_course,What does introductory NLP usually include?,"Introductory NLP usually includes text representation, tokenization, preprocessing, sequence structure, and common language tasks such as classification and tagging.","Introductory NLP covers text representation, preprocessing, and core language tasks."
K0161,mllm,course_content,Does the course include multimodal large language models?,Yes. MLLMs are explicitly listed in the course content along with image and natural language processing applications.,"Yes, the course includes multimodal large language models."
K0162,project,course_relation,Is there a project in this course?,The course includes a project component as part of its assessment structure.,"Yes, the course has a project component."
K0163,project,course_relation,Does the course have a project?,The syllabus clearly includes a project in the course assessment.,"Yes, the course has a project."
K0164,project,course_relation,Does this course include a project?,A project is one of the assessed components of the course.,"Yes, the course includes a project."
B401,transformers_book,overview,What changed NLP after 2017?,"The book explains that transformers became the dominant approach in NLP after the 2017 Transformer paper. Their rise was tied to attention, transfer learning, and scaling, which together improved both performance and practical adoption.","Transformers reshaped NLP by combining attention, transfer learning, and large-scale training."
B402,transformers_book,definition,What is a transformer in NLP?,"According to the book, the Transformer is a neural network architecture introduced for sequence modeling and machine translation. It replaced recurrent computation with attention-based computation and achieved better quality and training efficiency than earlier recurrent models.",A transformer is an attention-based neural architecture for sequence modeling that replaced recurrence in many NLP systems.
B403,transformers_book,encoder_decoder_framework,What is the encoder-decoder framework?,"The encoder-decoder framework maps one sequence to another. The encoder compresses the input sequence into representations, and the decoder uses those representations to generate the output sequence token by token.",The encoder-decoder framework uses an encoder to represent an input sequence and a decoder to generate an output sequence.
B404,transformers_book,rnn_limitation,What is a limitation of RNN encoder-decoder models?,"The book highlights that classic recurrent encoder-decoder models compress the input into a final hidden state. This creates an information bottleneck, especially for long sequences, because the decoder depends on a single compressed representation.",A major limitation is the information bottleneck created by relying on a single final hidden state.
B405,attention,definition,What is attention in sequence models?,"Attention allows a decoder or model component to weight different parts of an input sequence differently. Instead of using one fixed summary, the model can focus more on the most relevant encoder states at each step.",Attention lets the model assign different importance to different parts of the input sequence.
B406,attention,benefit,Why is attention useful?,The book explains that attention helps models prioritize the most relevant tokens or hidden states when making predictions. This improves alignment and reduces the limitations of fixed-size sequence summaries.,Attention is useful because it helps the model focus on the most relevant parts of the input for each prediction.
B407,attention,self_attention,What is self-attention?,"Self-attention is the mechanism used in transformers to relate all positions in the same layer to one another. Instead of relying on recurrence, it lets each token representation be updated using information from the whole sequence.",Self-attention updates each token representation by attending to other tokens in the same sequence.
B408,attention,parallelization,Why were transformers faster to train than recurrent models?,"Recurrent models process sequences step by step, which limits parallelization. The book notes that transformers remove recurrence and rely on self-attention, making training far more parallelizable across the sequence.",Transformers train faster because self-attention removes sequential recurrence and allows more parallel computation.
B409,transfer_learning,definition,What is transfer learning in NLP?,Transfer learning in NLP means pretraining a language model on large generic text and then adapting or fine-tuning it to a downstream task. This reduces the amount of labeled data needed for strong performance.,Transfer learning in NLP means pretraining on large text corpora and then fine-tuning for a downstream task.
B410,transfer_learning,ulmfit_steps,What are the main steps of ULMFiT?,"The book presents ULMFiT as a three-stage process: pretraining with language modeling, domain adaptation on in-domain text, and fine-tuning with a task-specific classifier.","ULMFiT consists of pretraining, domain adaptation, and task-specific fine-tuning."
B411,bert,definition,What is BERT?,BERT is described as an encoder-based transformer model pretrained with masked language modeling. It was trained on BookCorpus and English Wikipedia and became a major benchmark-breaking model in NLP.,BERT is an encoder-only transformer pretrained with masked language modeling.
B412,gpt,definition,What is GPT?,The book presents GPT as a decoder-based transformer using language modeling to predict the next token. It combines transformer decoding with transfer learning and was pretrained on the BookCorpus.,GPT is a decoder-only transformer pretrained with next-token language modeling.
B413,transformers_library,purpose,What problem does the Hugging Face Transformers library solve?,"The book explains that using new architectures usually requires custom code for implementation, loading weights, preprocessing, and training. Transformers standardizes these steps and provides one interface across many model families and tasks.","The Transformers library standardizes model loading, preprocessing, training, and task adaptation across many transformer architectures."
B414,transformers_library,framework_support,Which frameworks does the Transformers library support?,"The book states that the library supports three major deep learning frameworks. These are PyTorch, TensorFlow, and JAX.","Transformers supports PyTorch, TensorFlow, and JAX."
B415,pipelines,definition,What is a pipeline in Hugging Face Transformers?,"Pipelines are high-level interfaces that wrap tokenization, model inference, and postprocessing into a simple callable API. They make it possible to apply pretrained models to common tasks with very little code.","A pipeline is a high-level API that combines preprocessing, model inference, and postprocessing for a task."
B416,text_classification,definition,What is text classification?,"The book describes text classification as assigning one or more labels to text, such as sentiment categories or support-ticket types. Sentiment analysis is one common example.",Text classification assigns labels or categories to text.
B417,ner,definition,What is named entity recognition?,"Named entity recognition identifies spans in text that refer to entities such as people, organizations, or locations. The book presents it as a way to extract structured information from unstructured text.","Named entity recognition is the task of identifying entities like people, organizations, and locations in text."
B418,question_answering,extractive_qa,What is extractive question answering?,"In extractive question answering, the model receives a question and a context passage, then returns a span from the passage as the answer. The answer is selected directly from the given text rather than generated freely.",Extractive question answering returns an answer span taken directly from the provided context.
B419,summarization,definition,What is text summarization?,"The book defines summarization as taking a longer text and producing a shorter version that preserves the most relevant information. Unlike classification, it requires the model to generate coherent output text.",Text summarization generates a shorter text that preserves the key information from a longer document.
B420,translation,definition,What is machine translation in the transformer setting?,Machine translation maps a sequence in one language to a sequence in another language. The book uses it as a classic encoder-decoder application and shows it as one of the main early successes of transformers.,Machine translation converts text from one language into another sequence of text.
B421,text_generation,definition,What is text generation?,Text generation models extend a prompt by predicting likely next tokens repeatedly. The book gives autocomplete-style response generation as an example application.,Text generation produces new text by iteratively predicting likely next tokens from a prompt.
B422,hugging_face_hub,definition,What is the Hugging Face Hub?,"The Hugging Face Hub is presented as a central repository for pretrained models, datasets, metrics, and documentation. It helps users quickly find, load, compare, and share resources for NLP and machine learning.","The Hugging Face Hub is a platform for hosting and discovering models, datasets, metrics, and related resources."
B423,hugging_face_hub,advantages,Why is the Hugging Face Hub useful?,"The Hub makes experimentation easier by centralizing models and datasets and making them easy to load in code. It also provides model cards, dataset cards, and interactive widgets that help users inspect resources before adoption.",The Hugging Face Hub is useful because it centralizes reusable models and datasets and makes experimentation much faster.
B424,tokenization,definition,What is tokenization?,The book explains tokenization as the process of splitting raw text into smaller units called tokens. These tokens become the model’s input units and are then represented numerically.,Tokenization is the process of splitting raw text into smaller model-processable units called tokens.
B425,tokenization,character_tokenization,What is character tokenization?,"Character tokenization treats text as a sequence of individual characters. It can help with misspellings and rare words, but it ignores higher-level linguistic structure and is inefficient in practice.","Character tokenization splits text into individual characters, but usually loses useful word-level structure."
B426,tokenization,word_tokenization,What is word tokenization?,"Word tokenization splits text into words, often using whitespace and punctuation. It preserves more structure than character tokenization but can create very large vocabularies and unknown-word problems.","Word tokenization splits text into words, but it can lead to large vocabularies and unknown tokens."
B427,tokenization,subword_tokenization,What is subword tokenization?,"Subword tokenization is presented as a compromise between character and word tokenization. It keeps common words intact while splitting rare or complex words into smaller pieces, which improves coverage and efficiency.",Subword tokenization balances vocabulary size and coverage by keeping common words whole and splitting rare words into smaller units.
B428,wordpiece,definition,What is WordPiece?,WordPiece is one of the subword tokenization algorithms discussed in the book. It is used by BERT and DistilBERT tokenizers to split words into smaller learned units when needed.,WordPiece is a subword tokenization algorithm used by models like BERT and DistilBERT.
B429,tokenization,special_tokens,Why do tokenizers add special tokens like CLS and SEP?,The book shows that tokenizers may add special markers at the start and end of a sequence. These tokens help the model identify sequence boundaries and support downstream tasks such as classification.,Special tokens like CLS and SEP mark sequence boundaries and help models support downstream tasks.
B430,tokenization,attention_mask,What is an attention mask?,"When tokenized sequences are padded to equal length, padded positions should not influence predictions. The attention mask tells the model which positions are real tokens and which are just padding.",An attention mask tells the model which tokens are real input tokens and which positions are padding.
B431,feature_extraction,definition,What does it mean to use transformers as feature extractors?,"In the feature extraction approach, the pretrained transformer body is frozen and used to produce hidden-state representations. A separate classifier is then trained on those fixed features.",Using a transformer as a feature extractor means freezing the pretrained model and training a separate classifier on its hidden representations.
B432,fine_tuning,definition,What is fine-tuning a transformer?,Fine-tuning updates the parameters of the pretrained transformer together with a task-specific head on a downstream dataset. The book contrasts this with feature extraction and shows it usually performs better when resources allow.,Fine-tuning means training the pretrained transformer and its task-specific head end to end on a downstream task.
B433,distilbert,definition,What is DistilBERT?,The book uses DistilBERT for text classification because it is smaller and more efficient than BERT while retaining comparable performance. It is a distilled version of BERT designed for faster and lighter deployment.,"DistilBERT is a smaller, faster distilled version of BERT that retains much of BERT’s performance."
B434,classification,subtopic,What is a confusion matrix used for in classification?,The text classification chapter uses a confusion matrix to compare true labels and predicted labels. It helps identify which classes the model confuses with each other and where errors are concentrated.,A confusion matrix shows how predictions compare to true labels and helps analyze which classes are being confused.
B435,self_attention,definition,How does self-attention work at a high level?,Chapter 3 explains self-attention as updating each token representation by mixing information from all tokens in the same sequence. It computes attention weights and then forms contextualized representations as weighted combinations of values.,Self-attention computes context-aware token representations by weighting information from all tokens in the sequence.
B436,self_attention,scaled_dot_product,What is scaled dot-product attention?,"Scaled dot-product attention computes similarity between query and key vectors with a dot product, scales the scores, normalizes them with softmax, and uses the resulting weights to combine value vectors.","Scaled dot-product attention uses query-key dot products, softmax weights, and value vectors to build contextualized outputs."
B437,self_attention,query_key_value,"What are query, key, and value vectors in attention?","The book describes query, key, and value vectors as learned projections of token embeddings. Query-key similarity produces attention weights, and the values are then combined using those weights.","Query, key, and value vectors are learned projections used to compute attention weights and contextualized outputs."
B438,multi_head_attention,definition,What is multi-head attention?,Multi-head attention uses several attention heads in parallel so the model can capture different kinds of relationships at the same time. Their outputs are concatenated and projected back to the hidden dimension.,Multi-head attention runs several attention heads in parallel so the model can capture different relationships simultaneously.
B439,transformer_architecture,encoder_only_decoder_only_encoder_decoder,"What is the difference between encoder-only, decoder-only, and encoder-decoder transformers?","The book organizes transformers into three broad families. Encoder-only models are suited to understanding tasks, decoder-only models are suited to autoregressive generation, and encoder-decoder models are suited to sequence-to-sequence tasks like translation and summarization.","Encoder-only models focus on understanding, decoder-only models focus on generation, and encoder-decoder models map one sequence to another."
B440,positional_embeddings,definition,Why do transformers need positional embeddings?,"Because attention alone does not encode token order, positional information must be injected into the input representations. Positional embeddings help the model represent the sequential structure of text.",Transformers need positional embeddings so token order is represented alongside token content.
B441,transformer_challenges,limitations,What are some main challenges with transformers?,"The book highlights several practical limitations: multilingual coverage is uneven, labeled data can still be scarce, long documents are expensive for self-attention, model decisions can be opaque, and pretrained models can inherit bias from internet text.","Main transformer challenges include language coverage, data scarcity, long-document cost, opacity, and bias."
B442,multilingual_ner,definition,What is multilingual named entity recognition?,"Multilingual named entity recognition applies NER across multiple languages, identifying entities such as people, organizations, and locations in texts written in different languages. The book frames it as a token classification problem.","Multilingual NER identifies entities like people, organizations, and locations across multiple languages."
B443,multilingual_ner,task_type,Is multilingual NER a token classification task?,The book describes multilingual named entity recognition as a token classification problem because a tag is assigned to each token in a sequence rather than one label to the whole text.,"Yes, multilingual NER is a token classification task."
B444,multilingual_ner,use_case,Why is multilingual NER useful?,"Multilingual NER is useful when documents or user content appear in multiple languages, because maintaining separate monolingual systems can be difficult in production.",It is useful because one model can extract entities from texts in multiple languages.
B445,multilingual_ner,swiss_example,What multilingual NER use case does the book use?,"The chapter motivates multilingual NER with a Swiss customer setting involving German, French, Italian, and English, where one model is desirable for multiple national languages.","The book uses a Swiss multilingual setting with German, French, Italian, and English."
B446,xlm_roberta,definition,What is XLM-RoBERTa?,XLM-RoBERTa is a multilingual transformer model that extends RoBERTa-style pretraining to many languages and is presented in the book as a strong choice for multilingual NLU tasks.,XLM-RoBERTa is a multilingual transformer model for cross-lingual NLP tasks.
B447,xlm_roberta,pretraining,How is XLM-R pretrained?,XLM-R is trained with masked language modeling on a very large multilingual corpus. The book emphasizes its large-scale multilingual pretraining compared with earlier models.,It is pretrained with masked language modeling on a large multilingual corpus.
B448,xlm_roberta,zero_shot,Can XLM-R support zero-shot cross-lingual transfer?,"The multilingual chapter explains that models like XLM-R can enable zero-shot cross-lingual transfer, meaning a model fine-tuned on one language can generalize to others without additional training.","Yes, XLM-R can support zero-shot cross-lingual transfer."
B449,multilingual_ner,zero_shot,What is zero-shot cross-lingual transfer?,Zero-shot cross-lingual transfer means training or fine-tuning a model on one language and then applying it to another language without extra supervised training on that target language.,It means applying a model trained on one language to another language without extra target-language training.
B450,multilingual_ner,iob2,What is the IOB2 tagging format?,"The multilingual NER chapter explains that IOB2 uses B- to mark the beginning of an entity, I- for continuation inside the same entity, and O for tokens outside any entity.","IOB2 marks beginnings with B-, continuations with I-, and non-entities with O."
B451,multilingual_ner,entity_labels,Which entity types are emphasized in the multilingual NER chapter?,"The PAN-X / WikiANN discussion highlights LOC, PER, and ORG as the core entity categories used in the chapter’s multilingual NER setup.","The main entity types are LOC, PER, and ORG."
B452,tokenization,sentencepiece,What is SentencePiece?,"The multilingual chapter explains that XLM-R uses SentencePiece, a tokenizer based on subword segmentation that works directly over raw text and Unicode characters.",SentencePiece is a subword tokenizer that operates directly on raw Unicode text.
B453,tokenization,sentencepiece_advantage,Why is SentencePiece useful for multilingual text?,SentencePiece is helpful for multilingual NLP because it can work across many writing systems without requiring language-specific whitespace assumptions or pretokenizers.,It is useful because it handles multilingual raw text without relying on language-specific whitespace rules.
B454,tokenization,tokenizer_pipeline,What are the main stages of a tokenizer pipeline?,"The book describes tokenization as a pipeline with normalization, pretokenization, a tokenizer model for subword splitting, and postprocessing such as adding special tokens.","The tokenizer pipeline includes normalization, pretokenization, subword tokenization, and postprocessing."
B455,tokenization,normalization,What does normalization do in tokenization?,"Normalization cleans or standardizes raw text before tokenization, for example through lowercasing, whitespace cleanup, or Unicode normalization.",Normalization standardizes raw text before tokenization.
B456,tokenization,pretokenization,What is pretokenization?,"Pretokenization splits raw text into smaller units that act as an upper bound for later tokens, often based on whitespace or punctuation for suitable languages.",Pretokenization creates preliminary text pieces before subword tokenization.
B457,tokenization,postprocessing,What does tokenizer postprocessing do?,Postprocessing adds task or model-specific tokens and final formatting after subword tokenization. In BERT-style models this often includes special boundary tokens.,It adds model-specific formatting and special tokens after tokenization.
B458,tokenization,special_tokens_xlmr,What special tokens does XLM-R use?,The tokenizer comparison notes that XLM-R uses <s> and </s> style sequence boundary tokens rather than BERT’s [CLS] and [SEP] tokens.,XLM-R uses <s> and </s> style special tokens.
B459,multilingual_transformers,definition,What are multilingual transformers?,Multilingual transformers are models pretrained on text from many languages so that a single model can support downstream tasks across multiple languages.,They are transformer models pretrained on many languages.
B460,multilingual_transformers,benefit,Why use a multilingual transformer instead of many monolingual ones?,The book highlights that multilingual transformers can simplify deployment by reducing the need to maintain one separate model per language.,They reduce the need to maintain separate monolingual models.
B461,multilingual_transformers,mbert_vs_xlmr,How does XLM-R relate to mBERT?,The chapter presents mBERT as an earlier multilingual encoder and XLM-R as a stronger successor built with larger-scale multilingual pretraining.,XLM-R is a later multilingual model that generally improves on earlier multilingual encoders like mBERT.
B462,text_generation,chapter_focus,What does the text generation chapter focus on?,The text generation chapter uses GPT-2 to explain how language models generate text and how decoding strategies affect the outputs.,It focuses on GPT-2 text generation and decoding strategies.
B463,text_generation,autoregressive,How do autoregressive language models generate text?,Autoregressive language models generate text one token at a time by repeatedly predicting the next token conditioned on the prompt and the tokens generated so far.,They generate text iteratively by predicting one next token at a time.
B464,text_generation,prompt,What is a prompt in text generation?,"In the generation chapter, a prompt is the initial context sequence given to the model before it predicts subsequent tokens.",A prompt is the initial context given to the model before generation.
B465,text_generation,decoding,What is decoding in text generation?,Decoding is the process of turning a language model’s probability distribution over next tokens into an actual sequence of generated text.,Decoding converts model probabilities into generated text.
B466,text_generation,challenge_compute,Why is text generation computationally heavier than classification?,"The generation chapter notes that decoding is iterative, so generation requires repeated forward passes instead of a single pass through the model.",It is heavier because text is generated iteratively with repeated forward passes.
B467,text_generation,challenge_quality,Why do decoding strategies matter?,"The quality and diversity of generated text depend strongly on the decoding method and its hyperparameters, so decoding choices affect repetition, coherence, and variety.",They matter because they strongly influence quality and diversity.
B468,gpt,gpt2_use,What model does the book use to illustrate text generation?,The text generation chapter uses GPT-2 as the main example for explaining how decoder-only language models generate text.,The book uses GPT-2 to illustrate text generation.
B469,gpt,causal_modeling,What is causal or autoregressive language modeling?,"Causal language modeling predicts each next token from the tokens that come before it, rather than using future context.",It predicts each token using only the preceding context.
B470,text_generation,stop_condition,When does text generation stop?,The generation process continues until the model produces an end-of-sequence token or reaches a predefined maximum length.,It stops at an end-of-sequence token or a maximum length.
B471,text_generation,applications,What applications are associated with text generation in the book?,"The book mentions applications such as writing assistants, conversational agents, and other systems that produce or continue natural language text.",Text generation supports applications like writing assistants and conversational agents.
B472,summarization,chapter_focus,What does the summarization chapter focus on?,The summarization chapter studies sequence-to-sequence text summarization and discusses the metrics used to evaluate summarization quality.,It focuses on sequence-to-sequence summarization and its evaluation metrics.
B473,summarization,task_type,Why is summarization considered complex?,Summarization is complex because the model must generate a shorter coherent text while preserving the important content of a longer input.,It is complex because it must generate a short coherent text that preserves key information.
B474,summarization,metrics,Does the book discuss summarization metrics?,The chapter overview explicitly says the summarization chapter explores the metrics used for summarization tasks.,"Yes, the summarization chapter discusses evaluation metrics."
B475,question_answering,chapter_focus,What does the question answering chapter focus on?,The question answering chapter focuses on building a review-based QA system and introduces retrieval with Haystack.,It focuses on review-based QA and retrieval with Haystack.
B476,question_answering,haystack,What tool is introduced in the QA chapter?,The chapter overview specifically notes that retrieval with Haystack is introduced in the question answering chapter.,The QA chapter introduces retrieval with Haystack.
B477,question_answering,extractive,What is extractive question answering?,"Earlier in the book, extractive QA is described as returning an answer span directly from the provided context text rather than generating a free-form answer.",Extractive QA returns an answer span directly from the context.
B478,question_answering,retrieval_role,Why is retrieval important for question answering?,Retrieval is important because it helps locate the most relevant documents or passages before an answer is extracted or constructed.,It helps the system find relevant passages before answering.
B479,question_answering,benchmarking,Why can QA involve more than just answer extraction?,"The QA discussion references open-domain, unanswerable, and retrieval-augmented settings, showing that QA often requires retrieval, robustness, and careful evaluation.","Because practical QA often includes retrieval, robustness, and domain-specific evidence handling."
B480,efficient_ai,chapter_focus,What does the efficient production chapter focus on?,"The efficient production chapter focuses on model performance under real deployment constraints, especially latency, size, and memory footprint.",It focuses on making transformer models faster and smaller for deployment.
B481,efficient_ai,distillation,What is knowledge distillation in efficient transformers?,Knowledge distillation trains a smaller student model to imitate a larger teacher model so that much of the original performance is retained with lower cost.,Knowledge distillation transfers behavior from a larger teacher to a smaller student model.
B482,efficient_ai,quantization,What is quantization?,"Quantization reduces the numerical precision used to store or compute model weights and activations, which can decrease memory use and speed up inference.",Quantization reduces numerical precision to save memory and improve inference efficiency.
B483,efficient_ai,pruning,What is pruning?,Pruning removes less important parameters or structures from a model to reduce computation and memory usage.,Pruning removes less important model parameters to make inference lighter.
B484,efficient_ai,onnx,Why does the book mention ONNX and ONNX Runtime?,The efficient production chapter presents ONNX and ONNX Runtime as tools for graph optimization and faster deployment.,They are mentioned for graph optimization and efficient deployment.
B485,efficient_ai,intent_detection_case,What task is used as a case study in the efficient production chapter?,The efficient production chapter uses intent detection as its main case study because low latency is important in text-based assistants.,It uses intent detection as the case study.
B486,efficient_ai,latency_requirement,Why is latency important for intent detection assistants?,Low latency matters because a text-based assistant needs to keep a real-time conversational experience while classifying user messages quickly.,Latency is important because assistants need fast responses in real time.
B487,efficient_ai,compression_combo,Can model compression techniques be combined?,The efficient production chapter notes that techniques such as distillation and quantization can be combined to produce significant performance gains.,"Yes, compression techniques can be combined for larger gains."
B488,efficient_ai,business_constraint,Why is accuracy alone not enough in production?,The chapter emphasizes that a highly accurate model may still be unusable if it is too slow or too large for business requirements.,"Because production systems must meet latency, size, and memory constraints in addition to accuracy."
B489,low_label_learning,chapter_focus,What does the low-label chapter focus on?,The low-label chapter focuses on improving model performance when only a small amount of labeled data is available or when labels are missing entirely.,It focuses on methods for learning with few or no labels.
B490,low_label_learning,zero_shot,What is zero-shot learning in this context?,The decision process in the chapter suggests zero-shot learning as a strong starting point when no labeled data is available at all.,Zero-shot learning is a starting approach when you have no labeled data.
B491,low_label_learning,few_shot,What should you consider when you only have a few labels?,The chapter asks how many labeled examples you have and notes that few-shot methods or embedding-based nearest neighbor approaches can help when labels are scarce.,"If labels are scarce, few-shot methods or embedding-based approaches can help."
B492,low_label_learning,unlabeled_data,How can unlabeled data help when labels are scarce?,The chapter says unlabeled data can be used for domain adaptation or for methods such as unsupervised data augmentation and uncertainty-aware self-training.,"Unlabeled data can support domain adaptation, UDA, or self-training."
B493,low_label_learning,data_augmentation,Does the low-label chapter discuss data augmentation?,Yes. The chapter overview and its decision tree mention techniques such as data augmentation for improving performance with limited labels.,"Yes, it discusses data augmentation."
B494,low_label_learning,nearest_neighbor,What is one fallback when you have few labels and no unlabeled data?,The chapter notes that embeddings from a pretrained language model can be used with nearest neighbor search when labeled data is scarce.,A fallback is to use pretrained embeddings with nearest neighbor search.
B495,low_label_learning,github_issues,What case study is used in the low-label chapter?,The chapter uses GitHub issues from the Transformers repository as a running example for building an issue tagger.,It uses a GitHub issues tagger as the case study.
B496,low_label_learning,multilabel,Why is the GitHub issues tagger a multilabel classification problem?,"Each issue can have more than one label, so the model must predict a variable set of labels rather than exactly one class.",Because each issue can have multiple labels at once.
B497,low_label_learning,decision_tree,What questions guide method choice in the low-label chapter?,"The chapter’s decision tree asks whether you have labeled data, how much labeled data you have, and whether you have unlabeled data.","It is guided by whether labeled data exists, how much there is, and whether unlabeled data is available."
B498,training_from_scratch,chapter_focus,What does the training-from-scratch chapter focus on?,The overview says this chapter shows how to build and train a transformer model for autocompleting Python code from scratch.,It focuses on training a transformer from scratch for Python code autocompletion.
B499,training_from_scratch,dataset_streaming,What additional concept is introduced in the training-from-scratch chapter?,The chapter overview notes that it covers dataset streaming and large-scale training in addition to building a tokenizer.,"It introduces dataset streaming, large-scale training, and tokenizer building."
B500,training_from_scratch,tokenizer_building,Does the book build a tokenizer from scratch?,Yes. The chapter overview explicitly says the training-from-scratch chapter includes building a custom tokenizer.,"Yes, it includes building a tokenizer from scratch."
B501,training_from_scratch,large_scale_training,Why is large-scale training mentioned?,"Training models from scratch often requires large datasets and scalable infrastructure, so the chapter includes large-scale training considerations.",Because training from scratch requires large data and scalable training workflows.
B502,future_directions,chapter_focus,What does the future directions chapter focus on?,The future directions chapter explores limitations of transformers and promising research directions beyond the standard setup.,It focuses on transformer limitations and emerging research directions.
B503,transformer_challenges,low_resource_languages,Why are low-resource languages a challenge for transformers?,"The book notes that pretrained models are easier to find for major languages, while low-resource languages often have less data and weaker model coverage.",They are challenging because pretrained resources and large corpora are scarce.
B504,transformer_challenges,long_documents,Why are long documents difficult for transformers?,"The book explains that self-attention becomes very expensive on long documents, making longer contexts computationally challenging.",They are difficult because self-attention becomes expensive for long contexts.
B505,transformer_challenges,opacity,What does the book mean by transformer opacity?,"Opacity refers to the difficulty of explaining why a transformer made a particular prediction, especially in critical applications.",It means transformer decisions are hard to interpret.
B506,transformer_challenges,bias,Why is bias a challenge in transformer models?,"The book states that transformers inherit biases present in their internet-scale pretraining data, making fairness and safety important concerns.",Bias is a challenge because pretrained models absorb biases from large web corpora.
B507,transformer_challenges,mitigation,Can these transformer challenges be overcome?,"The book treats these issues as difficult but not hopeless, indicating that many challenges can be addressed with appropriate methods and research.","Yes, many of these challenges can be mitigated with appropriate techniques."
X100,llms,definition,What is a large language model?,A large language model is a neural network trained on massive text corpora to understand and generate language.,An LLM is a transformer-based model trained on large-scale text data to understand and generate human language.
X101,llms,how_it_works,How do LLMs work?,LLMs predict the next token based on context using learned probabilities.,LLMs work by predicting the next token given previous tokens using learned patterns from data.
X110,transformers,definition,What is a transformer model?,Transformers are neural networks based on attention mechanisms for sequence modeling.,A transformer is a neural network architecture that uses attention instead of recurrence to process sequences.
X120,tokenization,definition,What is tokenization?,Tokenization splits text into smaller units called tokens.,Tokenization is the process of converting text into tokens that models can process.
X130,embeddings,definition,What are embeddings?,Embeddings are vector representations of tokens or text.,Embeddings convert tokens into dense numerical vectors capturing meaning.
X140,rag,definition,What is RAG?,RAG combines retrieval with generation to improve responses.,Retrieval-Augmented Generation uses external documents to generate grounded answers.
X151,llm_vs_mllm,definition,What is an MLLM?,MLLMs extend LLMs to handle multiple data types.,An MLLM is a multimodal large language model that can process text and other modalities like images.
